aa3,aa1,mol_mass,N_atoms,Volume(A3),Hydropathy,Aromaphilicity,H_bond_Doner,H_bond_Acceptor
ALA,A,89,13,88.6,1.8,0.025,0,0
ARG,R,174,26,173.4,-4.5,0.75,1,0
ASN,N,132,17,114.1,-3.5,0.2,1,1
ASP,D,133,16,111.1,-3.5,-0.025,0,1
CYS,C,121,14,108.5,2.5,0.2,0,0
GLN,Q,146,20,143.8,-3.5,0.3,1,1
GLU,E,147,19,138.4,-3.5,0.05,0,1
GLY,G,75,10,60.1,-0.4,0,0,0
HIS,H,155,20,153.2,-3.2,0.45,1,1
ILE,I,131,22,166.7,4.5,0.2,0,0
LEU,L,131,22,166.7,3.8,0.125,0,0
LYS,K,146,24,168.6,-3.9,0.1,1,0
MET,M,149,20,162.9,1.9,0.325,0,0
PHE,F,165,23,189.9,2.8,0.575,0,0
PRO,P,115,17,112.7,-1.6,0.125,0,0
SER,S,105,14,89,-0.8,0.125,1,1
THR,T,119,17,116.1,-0.7,0.075,1,1
TRP,W,204,27,227.8,-0.9,1,1,0
TYR,Y,181,24,193.6,-1.3,0.85,1,1
VAL,V,117,19,140,4.2,0.15,0,0
